Data;Veículo;Título;Termos encontrados;Link
2026-09-30;pebsp.com;MEC encerra inscrições para Mestrado Profissional – PROFBIO hoje;Universidade Federal do Sul e Sudeste do Pará;https://news.google.com/rss/articles/CBMijgFBVV95cUxPaFBHSkdYNS1uWFRxS3ljeWYxc21NeFJ3ZnpjWlEwSmpNY0tHZ1MtYXdKSktXQ3A3enN3dVFoMmhZd28yWFVRWUV3eWZ6S2l6bktRUGI1ZG9DMmt2OFd1dG9UdU1uZDlSb1FFbDVnTlllNjBvTnF0b0lJYjBpbFZ1SHIxMk10c1VDeUlYc2ln?oc=5
2026-09-30;agresteportal.com.br;Educação: Primeira Mostra Científica mobiliza estudantes e professores da EMEF Maria Ilan Rodrigues Jadão;Unifesspa;https://news.google.com/rss/articles/CBMi4gFBVV95cUxNRFdPRGtnQUpxQ2tFOThoN3FSS2NuT0FwaWxpOWFpQTl6MVdnRjhiUkc5RFJxMzB1cmRfWmozVFEweVdpbVVjVDVIclFRSmRuc3N3N3c0SDdjMVlmV1NLWUdzcG1sZXd6ZVJ6amxsd0RVSUFsLW1na3lqNTdzUlVXWEZfcGItaDRXbEdYNHJVZEJRMDRlVzFKaXdOdVdFZ1BKV2V2a3k0VmpXcm5IdjBFUHdYOEtnYy1uaHZwTVNQbENvTGZKU2VWclR2amJ0UnZKdmtXelJWNG5xWTBXOGZKM2FR?oc=5
2026-09-30;UOL Notícias;iCS: 5 universidades recebem R$ 2,5 mi para estudos sobre relação economia/mudança climática;Universidade Federal do Sul e Sudeste do Pará;https://news.google.com/rss/articles/CBMi9gFBVV95cUxOdW4xeGh6OER2SllDb0ZSTE5tN1pBSnBvYXNMZTBpenRPaXI2MDN5aXo5cHBiSUhYdk9hMGYzMUJ1cGtaQkRzaDVJZF9Nb2F1bDNaeTdZV0dnNTBQNGpmYU9KS2tHaldQeGJlZFVMVmZwTDlfMG1ZcFpPVFNfSnlzeTFQZGFTZFBwRzE4TVpvZldUb3BtNDlFeC11Q0lxMk5pekY0cG5BSElnLTVOeFFzV0VUWC1jRTlBTnFNSUg2alV5ZnpSY1I0M0FZYTRKZjFKaVVZUEFTOTFMeG5wd0hUelEwMncwNjQ2Wnk2RDJ0TkhPZXFmd1E?oc=5
2026-09-30;REDE BRASIL DE TELEVISÃO;Educação: Primeira Mostra Científica mobiliza estudantes e professores da EMEF Maria Ilan Rodrigues Jadão;Universidade Federal do Sul e Sudeste do Pará;https://news.google.com/rss/articles/CBMi1AFBVV95cUxNNVdwNkFzSWFTVmNURDQ4MUVwanZMOV9qVjlqamtRdkZPU0xmVUc3Wnl2d0RTbHNUT2lobVpFS3dkNXc1UnpKSUlkS3c1M0dZTUlmVGh6eFcwVjRQZ19wLXZDTXdoTE53UW1nMzBYYjgyZ2pWeC0zUjV6VWZNQkhLa0t2Q3cxQXpEWmRrVV9yV2sxZnF6SDYwbExVd3RlWkVXZWJvMkY1cnBwOGwtYjhJSDU2SHNKcG5oOUQ4ZTg2V2FROW91c1FXVVpwLUVrQWdJT2sxNQ?oc=5
2026-09-28;gazetacarajas.com;Carro é encontrado destruído próximo ao muro da Unifesspa, em Marabá;Unifesspa, Universidade Federal do Sul e Sudeste do Pará;https://news.google.com/rss/articles/CBMiqAFBVV95cUxNaWpzRHo0RkNYMG8xVDlWZF80V2Z4enJlMTFwejczbHVpYVQ1bENSMTJDbURFN1BWd3htMklEMnV2WnBmbnpzYUVPTE9XNVVsd3V0anRxMmV0N0o0bmRSWDlrVE1SSXJyTVFHUmxxcExHdzV0RThULTE0SllXTXZ0VnQtT21yUWxIbnlEYklvUXNDNHBZX2ZSS0MwLUxyTjkzZlpEcVZHcjA?oc=5
2026-09-28;diariodopara.com.br;"Inscrições para mestrado em mineração terminam dia 30; veja como concorrer às 16 vagas";Unifesspa, Universidade Federal do Sul e Sudeste do Pará;https://news.google.com/rss/articles/CBMi0AFBVV95cUxNRnNPVmM1MVVXSkJRNEFDYnhkTmdPSkN3dmN6SkxkdG8tLWpKYzFrMGppeEs2a0hUd2JYNVV5enVLRVhWSGd0ZW8tcjFBbHBYNmF6RnNiUm5XZE16aVZRbnM3Y0pEOURuV2JSWWxiaWV1V3VJOVZFd191X3ZUcUR5Z001LWRzMDQwRVctY0U0NTctVmVXSzVVai0zYWlvT2s3TWV1bU5md0tQaVFNU19BSWsyS0lmb0tORkdUeFBHTXJZbDhNMWZaeWkyNW1hbVpn?oc=5
2026-09-28;Portal Debate;Carro é encontrado destruído após atingir muro no Campus II da Unifesspa, em Marabá;Unifesspa, Universidade Federal do Sul e Sudeste do Pará;https://news.google.com/rss/articles/CBMisgFBVV95cUxQZURKTjYtdnlpLWk2MXRldWt0QzhrVUVmMkxGbThxaU00eUxvTTRKVi1Ed2F2b1JFZjJNT29yTmpPU0pLRXhBN1NNUTZDLWc2VzVGU3Z4NFNMbk9KTUNQdGxDeDc2aFlySmtzR1ZPR1QzNEh3MkNBUEtVRmVzanRiTWpMUmlEc2lDb3FjdmxWZTVnUDRXTWdhS01lR2d1M1drODU4UWpHLWhLMnRGd3R2QnVB?oc=5
2026-09-28;DOL;Mestrado em Tecnologias na Mineração recebe inscrições até 30 de setembro;Unifesspa, Universidade Federal do Sul e Sudeste do Pará;https://news.google.com/rss/articles/CBMiwwFBVV95cUxPQm1BTXRiY1c3bWU0em1kTjgtd2kxdGNQVTZjZ05VNWZiWWJHOElEa2JVaW04SVdvNWhCVnEtSktvRGlWN0swT0o3c1RRR2JreVgydWs0dkEwUUhiMVBCQ1B0ckNGSzV4THctZ19YWFRabndreTdwWExCNnpQS3VJN3VlVjZkblJnNzJPTFBJcjNiUzUzcjQ4Wmd4NFIyM1pnZXdhMXdyRnJXSy1NazZCT2ZETzNLZ0VkYlVKVDVVTEdtc0nSAcsBQVVfeXFMUDdqNkU0QlhBZ2RLRFk2eXpUM0ptVVVBR3BsTHluUVc4MV9BUlBMUmd4bm41djhzcVhvdFpzVGc1MkwyUlcyU0dVYU9YR3pOSW9jd2gzMl95Y3NkdGVDeDBNWHNYSjZYM1BHbEdEUk4zeVZYaHhPTzE3NlVzbGthdFUtQ1ZrY1Exc08xMk5nRGFFa05SX056cEd2YlJ6R2RFSUNfQjJDTjNFdVYwWHRvNGx6czdmZXF1MWVsUGRBWk1RdWZFTUp4UDBtTzg?oc=5
2026-09-27;Ver-o-Fato;Unifesspa abre vagas de mestrado em tecnologias para mineração;Unifesspa, Universidade Federal do Sul e Sudeste do Pará;https://news.google.com/rss/articles/CBMikwFBVV95cUxObndNaDBlWm1rc1lUUUFEYlRlTi1uNkZKRTl2RFlhNVRYbmYtWTdQYmhRaWRXck9aUjREaE1MODdTanpETU1DRHJLTUhGZzExN0hlUzhCVHRZOXBmRS1fZ05TYkpTLVMyVjZ6S1Q2c3h6RzNUYmVocFhrODF1a250OUhMNjFrSEcwMlpQYjI2TVFwM0k?oc=5
2026-09-25;guaranyjunior.com.br;Últimos dias: inscrição para Mestrado Profissional em Tecnologias Inovadoras na Mineração (PPGTIM) segue até 30 de setembro;Unifesspa, Universidade Federal do Sul e Sudeste do Pará;https://news.google.com/rss/articles/CBMi-AFBVV95cUxQUkFTMWJLR2l6SG53aUpwRG9qQ2RsUU53WmQzUWpaaUdNVGNncHUyRGpOdlJEQ2lMUklSU0YtczAxZWpOdk9iTGlGanVMcjB0NDQ3UGhxNUJCdkxOMDJJZWFuU1hxZE5GLUx6dktaUWFIQTByLWlZOGVyRFhaenhyZEZTbWxiVWptUzdrQ1ZDOXhobFhkV0FiMXV5dnEzT1UyRGUtWFp0WXZvQnZtYWNGQ1lMMmtVWW5SRGE0cHBIMUhodjRfdm9WaVltVGRXMnJWREJKVkZQQlF6WDlIc012RFNSc1JkSXQzZmVReTUtLWxFSmgwY2U3Tw?oc=5
2026-09-25;Ufopa;Universidade Federal do Oeste do Pará;Universidade Federal do Sul e Sudeste do Pará;https://news.google.com/rss/articles/CBMiuwFBVV95cUxONFVRX2lvY3dEdjZ2c0RfVDlrVlk4c0tmVVE0OVBENG1pV1JNWU9NcmFGM0d3Nmc4ZmxlamZtOHd6eWw3TUFfcXhmcHpUd0N2QndneUZNczhEWGhqdW13TEZ4T1dMYk94NkZwWWI2b3lUSUE2VllpVWVEdkZ3UlZGV3hMY2F4dXhkTUFlS045Z29KeWxZLTgweVNrMi1aV1ltTkdmNjZmVE5EUzB0RmZtLTc2Z3JhbnNJM0hV?oc=5
2026-09-25;Portal Debate;Prefeitura de Marabá apresenta nova frota do transporte coletivo nesta sexta-feira (25);Universidade Federal do Sul e Sudeste do Pará;https://news.google.com/rss/articles/CBMitgFBVV95cUxOY25LRDNRMEJob0RGMmpUcEhod0g0eVBlTVp3TklKVHd3UnVfdl9xRFJObGhBcFd2RjhnYS0tN3FJUHN1aUJpWll1alE2Y0VMNGhDYWYzZ1lwZERZcS1kQm1SWjRjNlVPSW5BRjM4cE1FYnNfdU02VERibkRQekNyazZoeWFnTmlETUxDejJLOXRiYUdJcDctbkhhLTFYc2RtRUVLOUVUTmZnS2dKRnhtcnJsRWtRUQ?oc=5
2026-09-25;Correio de Carajás;Marabá sedia primeiro seminário de História Negra na próxima semana;Unifesspa;https://news.google.com/rss/articles/CBMiogFBVV95cUxQTWhrLXVrXzVVTzBZeDRacGozX1k2ZGFndE1IY2E0dXA5R1ZEM0hDMWdyR1lnOU9rYWtiSDE5c3lIQzQ5bjY3MlN0cDV2NTBydWFPdWhHanoxcjdtblRmeFFTR19CbWIwU3pUQTJBX1dobmxoRGI5N2JxdTlTSU5Ic05mS01nUDhXMWJHbGswaGg3ME1zcFozT25Gd0d1a2czN3c?oc=5
2026-09-22;InfoEducação;PROFEI: mestrado profissional gratuito em Educação Inclusiva 2027 abre 700 vagas;Unifesspa, Universidade Federal do Sul e Sudeste do Pará;https://news.google.com/rss/articles/CBMirAFBVV95cUxPSHU2VjhhVDE3UWRiV0Y3UjN2dk1WTHE2eEdqYVF1ZEFfeDVXZ0Zkclg2ckpQNHpGQWlOUUxpMU15MjRkanR6Ynd2NnRvdVZKUGdiZHB3aFpSalRmUGlEdkpCRkFzZDVGeFRXempWX1N3Zk9QT3NSbDdFMk54cFZNdU9GNFBuUm10OEg4RjVfd0k5Q0VwclBhcThzYURXQkNlcHhaMEVXUWxPWF9P?oc=5
2026-09-22;Correio de Carajás;Gilson Penalva: uma história de amor pela Amazônia e pelo ensino público;Unifesspa, Universidade Federal do Sul e Sudeste do Pará;https://news.google.com/rss/articles/CBMipwFBVV95cUxNVVVKb01LQ2x3dmVnVF9LLTRqMVlrc0tnNEM0X05SUzZnNG1PZnE1ZVdHSC0tX2Z6TDQwbWNoWUZvLS1kTXRoRlRSd255aXJfYVRNVTlaNUNMU256aG9WWk95TUJSN0NVYW5mR1V3eVBJU2pObnRtam9xeFJhX1UxS3EzRk9kOXJMLTFXaHZLekNWVkdfSHhiVUxPSnh3cXZjeGZSeW1MYw?oc=5
2026-09-21;pebsp.com;MEC anuncia inscrições para o Mestrado em Educação Inclusiva – PROFEI;Unifesspa;https://news.google.com/rss/articles/CBMilAFBVV95cUxNaTF2Z1BoQlF4cEZfLUotY054TGNEYWZKNUU1VDE2TG1FZEtIbXZwX1BzYzMydFRabG1MYkw4WHR3S2lPVEtNRGRnQWNhcHNkSFlmRXBWSUtyYWhpd1ZMWVdVeTZaR0stUzlQU0g4QWY0Nm1mTDRqSm5wZ2RLcDBYbFhxOS1QMXFXWVhRa2NGMWp5Um9Q?oc=5
2026-09-21;andifes.org.br;Unifesspa ganha Polo da Rede EducaNorte e expande a oferta de Doutorado em Educação no Sul e Sudeste do Pará;Unifesspa, Universidade Federal do Sul e Sudeste do Pará;https://news.google.com/rss/articles/CBMi4AFBVV95cUxNeVotNUNZN0dBVkNLNUtBUGMyOGs0c3EwTzRPMTNzYlZmUFhXWU1vVkR5TkdkRzRleDFaVnIxTGptM3N6OUpIS1d6WWdaOUVocTczUHdnQXRjVU9sa1pMZDBhaFR6UWJNVkprMTN1d0k4LU5fX0c0eWFiUzlocnZHS3E5TFdJNFo0MUxIT3pwNmZ6TWxxWmN3WHZ1UkptM0NpQUYyV0VmSkxqUzQ1NnFvV2FOMDlvcEFFSF9LTUlEQlhvUWhKYlRjemxRMTlNemZmd1hyWjJrRGhzbWdibExvLQ?oc=5
2026-09-17;Estado do Pará Online;UFPA confirma adesão à rede nacional de proteção e defesa da população LGBTQIA+;Universidade Federal do Sul e Sudeste do Pará;https://news.google.com/rss/articles/CBMirwFBVV95cUxQbVdmVzdLVUczLXhYYkFaNVVhZklibFhQWXR6LURtRWNyMlpzSl9XQnFOSDFPM1YtNVEtUmdQUnNHLTRxRkg5RU5YYWlmck4xWlVLMmdoYUVEVkZkeEhGaE1EakNieUFBZ0V3NEw5ODBHcHp2eWFGSm9rcm8zeVZNUm92bTlXUnNkMTZGUEpMS0NjaHYwNk10RjhHN2VjSFdyRmlYVjBDTndScWZhbGFN?oc=5
2026-09-17;Correio de Carajás;Desenvolvimento regional, planejamento e território são discutidos no primeiro dia do SEDRES;Unifesspa, Universidade Federal do Sul e Sudeste do Pará;https://news.google.com/rss/articles/CBMiwgFBVV95cUxNRVBtMlF6UlJmY3RCMkVYRGswMzlNcDVmdW96NkRIYVJ2VFJPa0dEUlQyclllX2pqOFlySHJrdGFQeHQ2d3BaekVVci1PLU5DS3BOY1VUSm82NnhYSDVDS3RrQVlIVjE3TGhOYlFTZHdsb25CS0c5dVd5Y2gwdmhuMnhVWWdtVjJ0UnJ6WV9KYlR5V2tuUExUaDhvRTlCT2xBdWVXSk04dldfYU5lUnZyYWY3d1BDU3doWUNMRVZ5VVFidw?oc=5
2026-09-16;mpf.mp.br;Universidade Federal do Pará acata recomendação do MPF e vai aderir à Rede Nacional de Direitos LGBTQIA+;Universidade Federal do Sul e Sudeste do Pará;https://news.google.com/rss/articles/CBMi6wFBVV95cUxPS2R3UkVZN0h2V3NCN0lZWER1b044U2hxZXZLTzlqQTlMbUc1T1pKVmppV19NTWIxVFBFZUstWE51UExBby05cE5iaHNxTWJYTzl4TF9nMDJyQS15R3NJZXFxYUNmOFRrNS0zT0E1V1Z3aFVIcjU3OGp6M1g3OVlIbk9odWtuWmM0YmdHZDhGRE05QkJSUndYc1lJSFp2NTR4QTJSdGdqSFFnQy1seU04QUVrRlEtYzNUZDRlZDlWdDdlbUF6OWNsNy1DWXpzamQwNzhvS2JJVW9YVHVPbUNrSWhyaGtlYV9rclJr?oc=5
2026-09-16;diariodopara.com.br;Marabá sedia Feira de Profissões com mais de 90 cursos gratuitos;Universidade Federal do Sul e Sudeste do Pará;https://news.google.com/rss/articles/CBMitAFBVV95cUxQb3dId09LUXlSX3cyRG5vYTN6OU1aS3RhN3h6d2F3ODFTM3ljSXg5YmQtbGN3Vld1VldJRjlqUGdFZDhudkFyQXBEY1VWX1lnTVdSOThLSkZpMlNLTlEtUmpnYkluMXoxUUZBVGxtbzNFNXNFcmVLamVWMUF2S3ZuN0xfdmhuWFpXUVJJV2kzanJvS3ZkRFJ5VndGX01Vc1FLM0lveXREaHNyRW1PWU9oSDRyOVU?oc=5
2026-09-16;O Liberal;Feira gratuita apresenta mais de 90 cursos e orientações a estudantes;Universidade Federal do Sul e Sudeste do Pará;https://news.google.com/rss/articles/CBMirgFBVV95cUxORnpndWgwTm5VQXpQc0RJRjlOWE9pQnpxZXVaWkFsOHBZTWZRU1A0UTVIb2N5aXhaWXh1d1BxSGU4OWZfMXRsaHpzY21QdFJNZ3UxSGtYc3czMW1EV3hiYURDbktxcEs0cWFMN2dvU3d5aXF5OHdTWWZzS1Y5WmhUMW9KTGg1VWpTQUFNTHhtWUc2WlNmUEtEZWwxUjJNZ3dZcHhpakY3Z0ZkYy1jUGc?oc=5
2026-09-16;Correio de Carajás;Feira de Profissões reúne mais de 90 cursos gratuitos em Marabá;Universidade Federal do Sul e Sudeste do Pará;https://news.google.com/rss/articles/CBMinAFBVV95cUxQcnpyNHdrY1pKbnUwdFhBcklWZ3RacnM0LUFUNUc5cXZieVY4TFhBS2pwY20zdDVDT3RtUEdONTFZNXlNVF9nRldiaGJGTmJjaGN6ZWVoUFg0SjZ6cEk2RllPRXRIZVRtYWw4bjF4ZHpURlZjX0hSX3RjZmVxN25YWEFGbGVhU3c5MWFkRnYwWkdZLUF0T0JwTEpXWEo?oc=5
2026-09-15;guaranyjunior.com.br;Feira gratuita ajuda estudantes a descobrir caminhos para o futuro em Marabá;Unifesspa;https://news.google.com/rss/articles/CBMivgFBVV95cUxQWG90cEJsaF9jQXZQM00xWFh0el94QXRLcEs0UW45WGZFVDZTNFB2YlVyNGdPOE5tZGZiMHpuMGtSWDdzTjh0Z1I3TmEwV3h5UzVCQXBrMXNwZEkzQkZjS1p2blBZOHB2RUU0V3gzM0dkRFBidW9fQUVYNmNydFFGUjVZajQ3Y2h6aU1QQUVKNk1uOURuOWRKVTdqSm1HRDB0OW8yeVJlWGRlb1psYXpaRk5rYmhUVDdCT0ZPS3lR?oc=5
2026-09-14;Correio de Carajás;Unifesspa recebe evento nacional sobre os desafios e as oportunidades da Amazônia;Unifesspa, Universidade Federal do Sul e Sudeste do Pará;https://news.google.com/rss/articles/CBMitAFBVV95cUxOOTlqWjBlenVucVFTLVZMS2o3UjBnTXY0TGJjcmNsV216VHV5YkI0V0hUWFcwWWlIUkRrY3l6a2FocXU3UkEzaGJINDZEc185eTFRT05IazRsWGFDSHpCek4yU0FMYl9FLWlGN2R5SzAyeHByRWZ2WnFjSUR5cWxzRmFlaVNHSDdlZko0Ym81TVdERjFvUVFTWWJLekM1TFFYMFBLbUYtOWxmX3lBU1c0VUJaWTY?oc=5
2026-09-12;DOL;Feira de profissões gratuita oferece cursos e orientação em Marabá;Unifesspa, Universidade Federal do Sul e Sudeste do Pará;https://news.google.com/rss/articles/CBMitgFBVV95cUxPTVhickVWSGNZUHA0ZkZfLVR4UjRJWUd2Q0Q0aUFMU3VuZ3hzcnVhT1Z1dDdLazV0anREay12cTNCUTBOQWlNbHJwUm9xeC15cUxKX3FfSWJjUTlwWV91a2kwUmsxTDRUM3FxY1o3QXpOQjJMSXJvOGI1SVUwR0NCUVF3czdFeFY2NURpdDZYNWVvM19MR3hXeHNsdXdBc3cycnh3ckZRa25YRVY4WTZnN0dzeS1iQdIBvgFBVV95cUxQMFFmTGprVHRSaG5NSTB1Ukk2ZHl4aVdUanhNZ0lualE4X1hteDdpWmJkb0VZS1RfRlY3SzU2VTNsNTNORTlRYVdTZmxkOXpJdUFtWTViRW9sSWJVeS1VMS1lQ05zaUhKaUg0VTFVWjh0YVhjQXBxLTNMZGRNOUluNzZuMGZQT0Z2VHEwY1V2ZC10cFVvT0hSQmtueWVkTHdfTFc3WHZqSXVEQUpELUZhUjE1S3pfZURMbk5nS3V3?oc=5
2026-09-12;Correio de Carajás;Unifesspa ganha Polo da EducaNorte e expande a oferta de Doutorado;Unifesspa, Universidade Federal do Sul e Sudeste do Pará;https://news.google.com/rss/articles/CBMioAFBVV95cUxObkY4QTNjUTRmaGEyY0ZnV0NCNFB4aHFEM0ZWRGVEamNha0VfZTNCMmV3WmZ2V05QREh6SUhuRm96T21GRzZQbHAySERBZkxSU3JKV0cwQUszSTREeGxvRngybmtfSXlrQWJKQmd0Qy1vRWxxdWdiWm5aR2M2U1AwTlZON0VGMHd6b2V6Sm1zMVFEWWZubW8zN2NOWFFaQkJr?oc=5
2026-09-12;Correio de Carajás;Estação Conhecimento Marabá terá Feira das Profissões com mais de 90 cursos;Unifesspa, Universidade Federal do Sul e Sudeste do Pará;https://news.google.com/rss/articles/CBMirAFBVV95cUxQSUhtT2FGQ3oySWRYTjVjVHFienZNUzZrYkJTN3J4d3BvRjlQTlYtQ3B6aFVyMHVOME1ubXFLdUtTTkhuNl93b29BdkRkSGtIZVBSbXNYdUZ4bTlLLW9qdDdROVo1cnVqVktqTkI1WTdCbnJxTDdQTHhCR3VkTWM4d19DVllfOXBWdzkxalNpSkF4QllBRWxDaFFBNDZJWjFMbDZndGVlUkJ3cUZ3?oc=5
2026-09-11;Portal Debate;Duas motocicletas se envolvem em acidente em frente à Unifesspa, em Marabá;Unifesspa, Universidade Federal do Sul e Sudeste do Pará;https://news.google.com/rss/articles/CBMipgFBVV95cUxQZDYzb1Z3QnZ0VmRMSEZZVDQ2ZV9ZUEtjelRsOXlidXM0WTN0NW9RWXVveTBha18tNUVuX29XR19GbUczUk9va05sTG9OUzJhbEp2VmtZX1I0cElDVmRsdTc3M1BVQmNGc3JqN0Fid21SVGkycHpwbFRYOXh6U1NwX3B6Q1VUWUxreDBhOFQyalRVUkRvY2RjY2poZGpTR1dVTWRsZ0lR?oc=5
2026-09-09;O Liberal;Exposição em Marabá propõe subverter o conceito de 'confins' na América do Sul;Unifesspa, Universidade Federal do Sul e Sudeste do Pará;https://news.google.com/rss/articles/CBMiuwFBVV95cUxQZm9MMGJhc3M4cGFQQ3hBRy1oLW9KMG5tU1NnbVpaOEIzYWlvRlltc24yWHdOOWFiVGdYZHduTDg0OGNBcHhzZDF3RDlFZHpJdnZ1WThKcXZhTV9TaDhtbDl6ZWNKMG1ZUG1UeWljaFpoQTRtc2k0cHl4TkFCaTYwLWJ3Tl80aFR4VlNfUzV3bDZDS1BJWWV2cUo5SjlMR2owQXdGcGdWOG9nd296SFRQRUJKOGtScjBZUTdB?oc=5
2026-09-09;Correio de Carajás;Marabá recebe exposição que aproxima rios, lagoas e mar por meio da fotografia;Unifesspa, Universidade Federal do Sul e Sudeste do Pará;https://news.google.com/rss/articles/CBMirwFBVV95cUxNaHNCUHVBWmY1ZWlMVU1GcDc0Zndnc0tPS2lnYmx0M1BLVElLTXhZYUVvUy1mZHEzYjJzTVN6YVp0VFpkdDJXSjltTllVS3FIQjJVTlhQWjM5dXVaVFJEdTFFWG1LTHlNaTh0NmRyN1JYVFRMWEhvb1NHUDVOcUtzSEFyRm00a0I5RU5WM1dvMEFweWtiZVlCNGVEWFN4cDNMV3gxeGRBaEdJQU53S0xv?oc=5
2026-09-08;Valor Econômico;Jovem cria holding de empresas de marketing e tecnologia e espera faturar R$ 50 milhões até 2030;Universidade Federal do Sul e Sudeste do Pará;https://news.google.com/rss/articles/CBMi_gFBVV95cUxPZVpzcFgxUWJUMmtJcDRYdS1hNHdaQ1c1OVZEWTEtWlJISk1UQ21zeDZJdzVRbDd1NUZqdDA1SEpiZ2pwelBsdi1VXy1pYzV1dHFqTUpmTFgxVjNfZkNjX2VTcXRESDMtQTdlbThEVWJ1UVh0M0tvbnFiNVhaeEJ2ejJwdnk1Rkdrc2J3X1hVNTdhdmNkVmhwanAyR3ZJVExJZS1vaHNmdjNsWkxXVUk2VXlNM2JaWmJLMEE5a1RHMWtabDdUbTQ1XzI1TVhPTmMxaGpsdzhfLVBjUktRWmhYM0YyTUR1WklmUjhDdHRzbklvSnNRd25TcXZFLTZPd9IBjAJBVV95cUxOMkNGOUhsOFJVZWlvN2M2UTNJenhOSFBSRkNmOVNwYmNHa21ZX0RGa19tZ3NjaXlCMXRkclR6bUs4YmZwcTVoMmNQcldwYUlmSHFlb1pwM1haTmdKRUJPNlRKcWREcHdaSktJbWUzWXdNMUE5WkM5eTJ0TzdVeDJTdFk2aEFHRFBlbjBmLVRBanZQcmZKTElGSlRvRjZ6M1l4Z1BKUWhUNm5TRk1KRVZzdlR3VGNHZ2h6a3ZZUXJic0NiMVUwSGl2dEtBLXRBWFdHNUIyUHJYenU4NUZhdWFGemZYd1czWWZZSWRxNHJfWE80MHNrcHh5ampiUG0wQlF5cUdOSnUxdVdOdW9C?oc=5
2026-09-06;G1;"Comunidades ribeirinhas no PA temem explosões para abrir hidrovia no Pedral do Lourenção; cientistas apontam riscos";Universidade Federal do Sul e Sudeste do Pará;https://news.google.com/rss/articles/CBMi_AFBVV95cUxPbkUtR2t4ME5RUy1yQUFCQkdCWnotUTRZMGdlOVZ2dWpzcEpWUHliX1loSEFPV3IxVHlpSVZtTEFFVkpuNEl6MGsydjZzTlNZQ3QwZGMxNDNiVHJKYXVQMkoyQTZCTEQ2eWxzRGZ1amk4WFp3UnBDQ3BfV3BvSXhUbnBlZjR2b3pGMnNlOHZNcTNSVENVN1BOeVRBbjhDc19mNTdzWkVtVzVUTnhsRDg4MkNGeW9DQ3NsVUVabjJaZ0xJYXVCMDJsRWUwbUlNSzFoVHBBVUVucDdTSFRrQUFJOFpoRzU4bXB4b1o4akhCemxrM3BYbThCb3pZNGzSAYsCQVVfeXFMT3daa0pQb2thdVgza0lxZ29rTkhyVkxjM1Fuc04ydWhWU00tTjZqcUpTbkxzelJ6T3Znd2JBMkt5eFNHdTV6TTFDVXZlSjdQckRIUW1nZ3ZZUndjdGZUNGxTbzVQQS1JbkN5M1ROaldORDV2YTFCcWNCRnhLN2xMV2tFX1VNU3JKMlo2SUxzeVI1Y2V2MjVFc0N3bFI3ZkFoNWJFTFc4WHRjWkdBd21fQjg3SGJGWm1oemNpVXhhYmpSbC1iaHpIQ0lVSXd0TjgzQktZSU5oU2xNY201UThETms3TEtEQXl6MVloZHNKX3l1cXNxbHhxdGVERVN6SVBTUTdvZW5aakVkel9z?oc=5
2026-09-04;Correio de Carajás;Unifesspa oferece curso em Produção Jornalística;Unifesspa, Universidade Federal do Sul e Sudeste do Pará;https://news.google.com/rss/articles/CBMiiAFBVV95cUxOSTlRQVU3QXZTcFZKMUFmZTBabHctVnpVcUU1cVVLUFZ3bjkwQlpBck9FYnZPajZXN1M1RFFnVTNpSV82V0Q1ZWV5YzA1MnhQLTAtOUNVbjhBLTRoazE0dEJNVXhlRldsa0NJbGlIb3BqMTJRN29VVXFqUGQ3YXZFbWFqNUV0MXhJ?oc=5
2026-09-02;pebsp.com;MEC abre inscrições para Mestrado Profissional em Biologia – PROFBIO em Rede Nacional;Universidade Federal do Sul e Sudeste do Pará;https://news.google.com/rss/articles/CBMiqgFBVV95cUxOYmNIcG1RUkJ3SjBiSzRzU0dpZ25fTUpOOHZNQzJ4Zk5JX0Q2TFROQUtfY1hMdVloOEgyUnZkSjhsZXdVcWhpUm9jRXg3Vmd1TlhzS2w5bFpuQnctNUtoRGQ0OURwRU5ubjZVYTdIRHNPUzFnRU1neTUyaUwtMER1OVNqQlVyek8xLVhXUklPOVJJUnNnQjNSamJXaGtOSHdvUU92NjgwOG5BQQ?oc=5
2026-09-01;Correio de Carajás;Memorial da Luta Camponesa é inaugurado em Marabá;Universidade Federal do Sul e Sudeste do Pará;https://news.google.com/rss/articles/CBMiigFBVV95cUxQX25ydWQ3d1VhNzdxb24tbk05bWVqelR6alFmNnJKQ2oxR1dERXA0cEFIV2QxWHRpSWFjWUs0cGF2Sm01QUxfY1Q2OVYzaTNyVU9DMnczVFpoVmFQcDROemY5Q0dmOVJDMkpxUS1FaDA4SlMtZXBvSng4UWg5b0J6S1FQcHRwWEFDX1E?oc=5
2026-09-01;Correio de Carajás;Estudante denuncia afastamento de estágio e dilemas na educação inclusiva em Marabá;Universidade Federal do Sul e Sudeste do Pará;https://news.google.com/rss/articles/CBMitwFBVV95cUxNdnpHU2hoZzhldHFWYy0zY3dxWlFxWlhET2oxTi1nTlpIX0FfNjRRcVBlV0x2MmtkQUxpZDR0Vk9PYWN3Z3BFdTFHaFpaOHNpa2hwQlZNY3RKS0UzYzdodEtCQ1ZZeExtUGhBellvWDNpelktdTAzUEkxWjB1MUZKT2x3SHBHakZ5RTFaSTlfQm96V1FYS21qaFIxY21kM25qWkFuZktGd3prX0dhTXVsSmItby00NzA?oc=5
